[
    {
      "_id": "5c826437e994fe4c55935be7",
      "name": "Morrow Berg",
      "gender": "male"
    },
    {
      "_id": "5c82643792283e0391cb345d",
      "name": "Rodriguez Hodges",
      "gender": "male"
    },
    {
      "_id": "5c826437cac23f39d82cfff4",
      "name": "Teresa Ray",
      "gender": "female"
    },
    {
      "_id": "5c826437204e6af05dc9c656",
      "name": "Amie Battle",
      "gender": "female"
    },
    {
      "_id": "5c8264378cc1d4eef9fdfa3c",
      "name": "Tonia Burke",
      "gender": "female"
    },
    {
      "_id": "5c826437db765c31407e36b3",
      "name": "Katharine Moss",
      "gender": "female"
    },
    {
      "_id": "5c826437c0a4921940318afd",
      "name": "Castro Watson",
      "gender": "male"
    },
    {
      "_id": "5c826437781b922150509cc5",
      "name": "Angela Todd",
      "gender": "female"
    },
    {
      "_id": "5c8264374203c2997b9998a1",
      "name": "Levine Patel",
      "gender": "male"
    },
    {
      "_id": "5c82643752d62cb4d57b7db6",
      "name": "Jewel Dale",
      "gender": "female"
    },
    {
      "_id": "5c826437200506e774673e70",
      "name": "Lucas Head",
      "gender": "male"
    },
    {
      "_id": "5c8264370b3f9ece04c35409",
      "name": "Sweeney Vaughn",
      "gender": "male"
    },
    {
      "_id": "5c82643731aad53f575da2b3",
      "name": "Mcdaniel Ware",
      "gender": "male"
    },
    {
      "_id": "5c826437acd44e6f3b3bb50f",
      "name": "Blevins Gay",
      "gender": "male"
    },
    {
      "_id": "5c82643714f6bc1c7ab620b8",
      "name": "Jody Oneill",
      "gender": "female"
    },
    {
      "_id": "5c8264372f6dfe0a80ed7c53",
      "name": "Mccoy Rush",
      "gender": "male"
    },
    {
      "_id": "5c826437d16c20e379c60cfd",
      "name": "Tommie Blankenship",
      "gender": "female"
    },
    {
      "_id": "5c8264372e4ccaa3ecc78b13",
      "name": "Talley Pace",
      "gender": "male"
    },
    {
      "_id": "5c8264378ce98dd3c31cb51b",
      "name": "Luz Mayer",
      "gender": "female"
    },
    {
      "_id": "5c826437f56fac3967b71995",
      "name": "Taylor Cole",
      "gender": "male"
    },
    {
      "_id": "5c8264376ad179f4db99d62f",
      "name": "Nielsen Harvey",
      "gender": "male"
    },
    {
      "_id": "5c8264370c31ea3224f93af9",
      "name": "Pierce Frank",
      "gender": "male"
    },
    {
      "_id": "5c82643793a1880bc6ece33c",
      "name": "Hattie Mccarty",
      "gender": "female"
    },
    {
      "_id": "5c826437f6f4787981bd28bd",
      "name": "Delacruz Barry",
      "gender": "male"
    },
    {
      "_id": "5c8264375af22da635540d71",
      "name": "Stanton Ellis",
      "gender": "male"
    }
  ]